prompt,theme,type,shortdesc
cara belajar python,pemrograman,indoor,cara belajar Python dengan efektif dan memahami konsep dasar pemrograman.
cara membaca buku efektif,pendidikan,indoor,memahami teknik efektif dalam membaca buku agar dapat meningkatkan pemahaman bacaan.
cara menulis catatan dengan benar,pendidikan,indoor,menulis catatan dengan benar untuk membantu mempertajam pemahaman materi.
cara mengikuti kuliah online,pendidikan,indoor,mengikuti kuliah online dengan efektif dan mengoptimalkan proses pembelajaran jarak jauh.
cara menyusun rencana pelajaran,pendidikan,indoor,menyusun rencana pelajaran yang efektif untuk memastikan tujuan pembelajaran tercapai.
cara agar siap mengikuti ujian online,pendidikan,indoor,mempersiapkan diri secara efektif untuk menghadapi ujian secara online.
cara menggambar sketsa,seni,indoor,mengasah keterampilan menggambar sketsa dengan berbagai teknik yang efektif.
belajar cara bermain piano,seni,indoor,memulai perjalanan belajar bermain piano dengan pemahaman mendalam tentang teknik dasar.
belajar cara melukis lukisan,seni,indoor,mempelajari berbagai teknik melukis lukisan mulai dari sketsa dasar hingga detail yang kompleks.
belajar bermain alat musik,seni,indoor,memulai proses belajar bermain berbagai alat musik dengan pemahaman mendalam.
belajar membuat film,seni,indoor,mengasah keterampilan dalam pembuatan film mulai dari pengembangan ide hingga proses produksi.
cara bermain game elden ring,hiburan,indoor,mengenal dan memahami teknik dasar dalam bermain game Elden Ring secara efektif.
cara berjalan di taman untuk introvert,hiburan,outdoor,menghabiskan waktu di taman dengan cara yang menenangkan bagi individu yang introvert.
belajar bersepeda,olahraga,outdoor,memulai perjalanan belajar bersepeda dan memahami teknik dasar serta keamanan dalam bersepeda.
cara mengunjungi museum,hiburan,outdoor,mengenal tips dan trik untuk mengunjungi museum secara efektif dan mendapatkan pengalaman yang berharga.
cara melakukan yoga,kesehatan,indoor,mengasah keterampilan dalam melakukan yoga dengan fokus pada manfaat kesehatan dan kesejahteraan.
belajar melakukan meditasi,kesehatan,indoor,memulai perjalanan belajar meditasi dengan pemahaman tentang teknik dasar dan manfaatnya.
cara berolahraga di gym,kesehatan,indoor,memahami teknik dan strategi efektif dalam berolahraga di gym untuk mencapai tujuan kebugaran.
belajar olahraga calisthenic,kesehatan,indoor,mempelajari teknik dasar dan manfaat olahraga calisthenic dalam menjaga kebugaran tubuh.
belajar cara  memasak,makanan,indoor,mempelajari berbagai teknik dasar dalam memasak berbagai hidangan dengan efektif dan kreatif.
belajar cara berkebun,hobi,outdoor,memulai perjalanan belajar berkebun dengan pemahaman tentang teknik dasar dan perawatan tanaman.
cara efektif menyusun bahan makanan,makanan,indoor,mengatur bahan makanan secara efisien untuk memaksimalkan penggunaan dan kualitas masakan.
bagaimana cara mengadakan konser musik,hiburan,indoor,mengenal proses dan tips dalam menyelenggarakan konser musik yang sukses.
cara menyanyi karaoke di kamar,hiburan,indoor,menyanyikan lagu karaoke di kamar dengan tips dan trik untuk meningkatkan pengalaman karaoke.
cara bermain sepak bola,olahraga,outdoor,mempelajari teknik dasar bermain sepak bola dan strategi untuk meningkatkan kemampuan.
cara bermain tenis,olahraga,outdoor,mempelajari teknik dan aturan dasar bermain tenis untuk memulai perjalanan dalam olahraga ini.
cara berenang di kolam renang,olahraga,outdoor,mengetahui teknik dasar dan tips berenang di kolam renang untuk meningkatkan keterampilan renang.
cara mengikuti kompetisi lari untuk pemula,olahraga,outdoor,mempersiapkan diri untuk mengikuti kompetisi lari pertama dengan tips dan strategi yang efektif.
cara mengunjungi tempat wisata,hobi,outdoor,mengenal cara terbaik untuk mengunjungi tempat wisata dan merencanakan perjalanan liburan yang menyenangkan.
cara berkemah,hobi,outdoor,mempersiapkan peralatan dan mengetahui tips berkemah yang diperlukan untuk perjalanan berkemah yang sukses.
cara mengambil foto aestetik,seni,outdoor,mengasah keterampilan dalam mengambil foto yang estetis dengan memahami teknik dan prinsip dasar fotografi.
cara menghadiri konferensi,pendidikan,indoor,mempersiapkan diri untuk menghadiri konferensi dengan memahami etika dan tips dalam menghadiri acara profesional.
cara merawat tanaman hias,hobi,indoor,merawat tanaman hias dengan pemahaman tentang kebutuhan perawatan dan tata cara perawatan yang efektif.
cara menata ruang tamu yang minimalis,hobi,indoor,mengatur ruang tamu secara minimalis dengan mengetahui prinsip desain dan tips dalam tata letak perabotan.
cara membuat origami,seni,indoor,mempelajari seni origami dengan memahami teknik dasar dan pola lipatan yang umum digunakan dalam origami.
belajar fotografi makro,seni,outdoor,mempelajari fotografi makro dengan memahami teknik dasar dan pengaturan kamera yang diperlukan untuk mengambil gambar detail.
cara merakit komputer sendiri,pemrograman,indoor,merakit komputer sendiri dengan memahami komponen-komponen yang diperlukan dan langkah-langkah perakitan yang tepat.
cara membuat program sederhana,pendidikan,indoor,mempelajari cara membuat program sederhana dengan memahami dasar-dasar pemrograman dan logika pemrograman.
cara merawat kesehatan gigi,kesehatan,indoor,mengasah kebiasaan merawat kesehatan gigi dengan memahami teknik dan tips perawatan gigi yang efektif.
cara memasak makanan khas daerah,makanan,indoor,mempelajari resep dan teknik memasak makanan khas daerah dengan bumbu dan cita rasa khas.
cara membuat website pribadi,pemrograman,indoor,membuat dan mendesain website pribadi dengan memahami dasar-dasar pemrograman web dan tata letak desain yang efektif.
cara mendesain pakaian,seni,indoor,membelajari dasar-dasar desain pakaian dan teknik merancang busana yang kreatif dan menarik.
belajar menari balet,seni,indoor,mempelajari gerakan dasar balet dan teknik latihan yang dibutuhkan untuk menguasai seni tari balet.
cara menghias kue ulang tahun,hobi,indoor,menghias kue ulang tahun dengan dekorasi yang menarik dan kreatif serta teknik penggunaan alat dekorasi yang tepat.
cara membuat perhiasan sendiri,hobi,indoor,menciptakan perhiasan unik dengan memahami teknik dasar pembuatan perhiasan dan pemilihan material yang sesuai.
cara mengurus kucing peliharaan,hobi,indoor,merawat kesehatan dan kebutuhan harian kucing peliharaan dengan memahami kebiasaan dan perawatan yang tepat.
cara belajar bahasa asing,pendidikan,indoor,mempelajari bahasa asing dengan metode belajar yang efektif dan meningkatkan kemampuan berbahasa.
cara mendaki gunung,olahraga,outdoor,mempersiapkan diri untuk mendaki gunung dengan memahami perlengkapan dan teknik pendakian yang aman dan efisien.
cara bermain ski di salju,olahraga,outdoor,mempelajari teknik dasar bermain ski di salju dengan memahami keseimbangan dan kontrol saat berada di atas salju.
cara memancing di danau,hobi,outdoor,mengetahui teknik memancing di danau dengan memahami jenis-jenis umpan dan alat pancing yang efektif.
cara mengelola proyek pemrograman,pemrograman,indoor,mengelola proyek pemrograman dengan memahami metodologi dan alat manajemen proyek yang diperlukan.
cara memahami teori belajar,pendidikan,indoor,mempelajari teori belajar dengan memahami konsep dasar dan strategi belajar yang efektif.
cara membuat rencana pembelajaran,pendidikan,indoor,membuat rencana pembelajaran yang efektif dengan memahami kurikulum dan strategi pengajaran yang sesuai.
cara menulis esai pendidikan,pendidikan,indoor,mempelajari teknik penulisan esai pendidikan dengan memahami struktur dan gaya penulisan yang tepat.
cara mempraktikkan seni lukis,seni,indoor,mempelajari seni lukis dengan memahami teknik dasar dan variasi gaya lukisan yang dapat dipraktikkan.
belajar menari salsa,seni,indoor,mempelajari gerakan dasar menari salsa dengan memahami ritme dan koordinasi gerakan yang diperlukan.
cara menulis lagu,hiburan,indoor,mengasah keterampilan menulis lagu dengan memahami struktur dan tema lagu yang populer.
cara membuat resep makanan sehat,makanan,indoor,menciptakan resep makanan sehat dengan memahami nutrisi dan pengolahan bahan makanan yang tepat.
cara memasak makanan penutup,makanan,indoor,mempelajari resep dan teknik memasak makanan penutup dengan variasi rasa dan presentasi yang menarik.
cara melakukan yoga pernapasan,kesehatan,indoor,mengasah teknik pernapasan dalam yoga dengan memahami manfaat dan latihan yang mendukung kesehatan.
belajar yoga untuk kesehatan mental,kesehatan,indoor,mempelajari manfaat yoga untuk kesehatan mental dengan memahami teknik meditasi dan relaksasi yang efektif.
cara berlari untuk kebugaran,olahraga,outdoor,mempelajari teknik dan strategi berlari untuk meningkatkan kebugaran dan daya tahan tubuh.
cara bermain basket,olahraga,outdoor,mempelajari teknik dasar bermain basket dengan memahami aturan dan strategi permainan yang efektif.
cara berenang gaya bebas,olahraga,outdoor,mempelajari teknik berenang gaya bebas dengan memahami teknik tarikan dan gerakan kaki yang tepat.
cara merawat ikan hias,hobi,indoor,merawat ikan hias dengan memahami jenis-jenis ikan dan kebutuhan perawatan yang dibutuhkan.
cara merawat tanaman bonsai,hobi,indoor,merawat tanaman bonsai dengan memahami teknik pemangkasan dan penyiraman yang sesuai.
cara merawat kucing persia,hobi,indoor,merawat kesehatan dan perawatan kucing persia dengan memahami kebutuhan khusus ras kucing ini.
cara belajar bahasa Prancis,pendidikan,indoor,mempelajari bahasa Prancis dengan metode belajar yang efektif dan meningkatkan kemampuan berbahasa.
cara memperbaiki mobil sendiri,otomotif,outdoor,mempelajari cara sederhana memperbaiki mobil sendiri dengan memahami komponen-komponen dasar pada mobil.
cara merawat mobil klasik,otomotif,outdoor,merawat dan mempertahankan mobil klasik dengan memahami teknik perawatan khusus yang diperlukan.
cara merancang mobil futuristik,otomotif,indoor,mengenal proses dan prinsip dasar dalam merancang mobil futuristik yang inovatif dan efisien.
cara membuat kerajinan tangan unik,seni,indoor,menciptakan kerajinan tangan unik dengan memahami teknik dasar dan pilihan material yang kreatif.
cara menggambar pemandangan alam,seni,outdoor,mempelajari teknik dasar menggambar pemandangan alam dengan memahami komposisi dan perspektif gambar.
cara merakit komputer gaming,pemrograman,indoor,membuat dan merakit komputer gaming sendiri dengan memahami spesifikasi dan kinerja hardware yang diperlukan.
cara membuat kue ulang tahun sendiri,hobi,indoor,membuat kue ulang tahun sendiri dengan memahami resep dan teknik dekorasi yang sesuai.
cara membuat kue kering Lebaran,hobi,indoor,membuat kue kering khas Lebaran dengan memahami variasi resep dan teknik pembuatan kue kering yang tepat.
cara bermain golf di lapangan terbuka,olahraga,outdoor,mempelajari teknik bermain golf di lapangan terbuka dengan memahami peralatan dan aturan permainan yang berlaku.
cara bermain voli,olahraga,outdoor,mempelajari teknik dasar bermain voli dengan memahami strategi permainan dan kerjasama tim yang dibutuhkan.
cara bermain bulu tangkis,olahraga,indoor,mempelajari teknik dasar bermain bulu tangkis dengan memahami aturan permainan dan keterampilan pukulan yang diperlukan.
cara memulai jogging untuk pemula,olahraga,outdoor,mempersiapkan diri untuk memulai jogging dengan memahami teknik pemanasan dan program latihan yang efektif.
cara memasak masakan Korea,makanan,indoor,mempelajari resep dan teknik memasak masakan Korea dengan memahami bumbu dan proses masak yang khas.
cara belajar matematika secara mandiri,pendidikan,indoor,mempelajari matematika secara mandiri dengan memahami konsep dan latihan soal yang efektif.
cara mengembangkan aplikasi mobile,pemrograman,indoor,membuat dan mengembangkan aplikasi mobile dengan memahami bahasa pemrograman dan framework yang digunakan.
cara memahami anatomi tubuh manusia,kesehatan,indoor,mempelajari anatomi tubuh manusia dengan memahami sistem organ dan fungsi masing-masing bagian tubuh.
cara memasak masakan Italia,makanan,indoor,mempelajari resep dan teknik memasak masakan Italia dengan memahami bumbu dan cita rasa yang khas.
cara mengelola restoran,hobi,indoor,mengelola restoran dengan memahami prinsip manajemen restoran dan strategi pengembangan bisnis yang efektif.
cara merawat tanaman kaktus,hobi,indoor,merawat tanaman kaktus dengan memahami kebutuhan perawatan khusus dan lingkungan yang sesuai.
cara menari tarian tradisional,seni,indoor,mempelajari gerakan tarian tradisional dengan memahami ritme dan koreografi yang khas.
cara menghias ruangan dengan lukisan,seni,indoor,menghias ruangan dengan lukisan seni dengan memahami prinsip desain dan tata letak lukisan yang sesuai.
cara mengikuti audisi musik,hiburan,indoor,Langkah-langkah untuk mempersiapkan dan mengikuti audisi musik secara efektif.
cara bermain skateboard,olahraga,outdoor,Panduan dasar untuk bermain skateboard dengan aman dan teknik yang tepat.
cara bermain badminton,olahraga,indoor,Petunjuk dasar untuk bermain badminton secara efektif dan meningkatkan keterampilan.
cara merawat mobil listrik,otomotif,indoor,Tips merawat dan menjaga mobil listrik agar tetap dalam kondisi optimal.
cara membuat bunga dari kertas,Seni,indoor,Panduan langkah demi langkah untuk membuat bunga yang indah dari kertas.
cara mengelola waktu belajar,pendidikan,indoor,Tips efektif dalam mengatur waktu belajar agar lebih produktif dan efisien.
cara memahami bahasa pemrograman Java,pemrograman,indoor,Petunjuk untuk memahami konsep dasar dan prinsip bahasa pemrograman Java.
cara melakukan operasi bedah sederhana,kesehatan,indoor,Panduan langkah demi langkah untuk melakukan operasi bedah yang sederhana dan aman.
cara membuat makanan penutup Korea,makanan,indoor,Resep dan langkah-langkah untuk membuat makanan penutup Korea yang lezat.
cara merawat burung kenari,hobi,indoor,Langkah-langkah untuk merawat burung kenari dengan baik dan memastikan kesehatan dan kesejahteraannya.
cara memasak masakan Thailand,makanan,indoor,Resep dan petunjuk untuk memasak masakan Thailand yang autentik dan lezat.
cara membuat instalasi seni kontemporer,seni,indoor,Petunjuk untuk membuat instalasi seni kontemporer yang menarik dan kreatif.
cara mengelola acara musik live,hiburan,indoor,Panduan langkah demi langkah dalam mengatur dan mengelola acara musik live dengan sukses.
cara bermain hoki es,olahraga,outdoor,Petunjuk dasar untuk bermain hoki es dengan teknik yang baik dan aman.
cara memperbaiki motor sendiri,otomotif,outdoor,Petunjuk langkah demi langkah untuk memperbaiki motor sendiri dan melakukan perawatan dasar.
cara mendesain interior mobil,otomotif,indoor,Panduan untuk merancang dan mengubah interior mobil agar lebih fungsional dan menarik.
cara membuat kerajinan dari batu,Seni,indoor,Petunjuk langkah demi langkah untuk membuat kerajinan kreatif dari batu.
cara melatih anjing untuk perlombaan,hobi,indoor,Panduan untuk melatih anjing agar siap untuk berkompetisi dalam perlombaan.
cara memasak makanan diet rendah kalori,makanan,indoor,Resep dan petunjuk untuk memasak makanan lezat dengan rendah kalori.
cara mengikuti kursus tari salsa,seni,indoor,Langkah-langkah untuk bergabung dan mengikuti kursus tari salsa dengan efektif.
cara merancang baju untuk fashion show,hiburan,indoor,Petunjuk untuk merancang pakaian yang menarik dan sesuai dengan tema fashion show.
cara bermain hoki udara,olahraga,indoor,Petunjuk dasar untuk bermain hoki udara dengan teknik yang tepat dan strategi yang efektif.
cara belajar JavaScript untuk pemula,pemrograman,indoor,Panduan belajar JavaScript dari dasar bagi pemula untuk pemahaman yang efektif.
cara mengembangkan situs web responsif,pemrograman,indoor,Langkah-langkah untuk mengembangkan situs web yang responsif dan menarik.
cara membuat aplikasi berbasis Android,pemrograman,indoor,Panduan langkah demi langkah dalam membuat aplikasi Android yang efektif dan fungsional.
cara menulis kode CSS yang efisien,pemrograman,indoor,Tips dan trik untuk menulis kode CSS dengan efisien dan efektif.
cara menggunakan framework ReactJS,pemrograman,indoor,Petunjuk untuk menggunakan framework ReactJS dalam pengembangan aplikasi web.
cara mengoptimalkan performa aplikasi web,pemrograman,indoor,Petunjuk untuk mengoptimalkan performa aplikasi web agar berjalan dengan lancar dan efisien.
cara menguasai algoritma dan struktur data,pemrograman,indoor,Panduan untuk memahami dan menguasai konsep dasar algoritma dan struktur data dalam pemrograman.
cara mengimplementasikan REST API,pemrograman,indoor,Petunjuk langkah demi langkah untuk mengimplementasikan REST API dalam pengembangan perangkat lunak.
cara mengelola basis data dengan SQL,pemrograman,indoor,Langkah-langkah untuk mengelola basis data dengan menggunakan bahasa pemrograman SQL.
cara menerapkan metode Agile dalam pengembangan perangkat lunak,pemrograman,indoor,Petunjuk untuk menerapkan metodologi Agile dalam pengembangan perangkat lunak secara efektif.
cara menguasai bahasa pemrograman Python,pemrograman,indoor,Panduan untuk menguasai bahasa pemrograman Python dari dasar hingga tingkat lanjutan.
cara memahami konsep dasar OOP (Object-Oriented Programming),pemrograman,indoor,Penjelasan konsep dasar tentang pemrograman berorientasi objek (OOP).
cara mengatasi error debugging dalam kode,pemrograman,indoor,Tips dan strategi untuk mengatasi error debugging dalam proses pengembangan perangkat lunak.
cara menggunakan Git dan GitHub untuk kolaborasi kode,pemrograman,indoor,Petunjuk untuk menggunakan Git dan GitHub dalam kolaborasi pengembangan kode secara efisien.
cara membuat tampilan antarmuka pengguna yang menarik,pemrograman,indoor,Strategi dan prinsip dasar untuk merancang tampilan antarmuka pengguna yang menarik dan fungsional.cara membuat tampilan antarmuka pengguna yang menarik
cara mengembangkan aplikasi iOS menggunakan Swift,pemrograman,indoor,Petunjuk langkah demi langkah untuk mengembangkan aplikasi iOS dengan menggunakan bahasa pemrograman Swift.
cara membangun sistem keamanan dalam aplikasi,pemrograman,indoor,Petunjuk untuk membangun sistem keamanan yang efektif dan tangguh dalam pengembangan aplikasi.
cara memanfaatkan teknologi Blockchain dalam pengembangan aplikasi,pemrograman,indoor,Panduan langkah demi langkah untuk memanfaatkan teknologi Blockchain dalam pengembangan aplikasi.
cara merancang arsitektur perangkat lunak yang scalable,pemrograman,indoor,Petunjuk untuk merancang arsitektur perangkat lunak yang dapat diukur secara efisien.
cara mengintegrasikan data dari berbagai sumber menggunakan API,pemrograman,indoor,Langkah-langkah untuk mengintegrasikan data dari berbagai sumber dengan menggunakan Application Programming Interface (API).
cara membuat chatbot dengan Python,pemrograman,indoor,Petunjuk langkah demi langkah untuk membuat chatbot menggunakan bahasa pemrograman Python.
cara mengelola proyek pengembangan perangkat lunak secara efisien,pemrograman,indoor,Strategi dan metode untuk mengelola proyek pengembangan perangkat lunak dengan efisien.
cara memahami konsep rekayasa perangkat lunak,pemrograman,indoor,Penjelasan konsep dasar tentang rekayasa perangkat lunak dalam pengembangan aplikasi.
cara mengembangkan game sederhana dengan Unity,pemrograman,indoor,Petunjuk langkah demi langkah untuk mengembangkan game sederhana menggunakan platform Unity.
cara memahami konsep DevOps dalam siklus pengembangan perangkat lunak,pemrograman,indoor,Penjelasan konsep dasar tentang praktik DevOps dalam siklus pengembangan perangkat lunak.
cara mengimplementasikan keamanan pada aplikasi web,pemrograman,indoor,Petunjuk untuk mengimplementasikan lapisan keamanan yang efektif pada aplikasi web.
cara menggunakan framework Angular untuk pengembangan web,pemrograman,indoor,Petunjuk untuk menggunakan framework Angular dalam pengembangan aplikasi web secara efisien.
cara membuat aplikasi mobile dengan Flutter,pemrograman,indoor,Panduan langkah demi langkah dalam membuat aplikasi mobile menggunakan framework Flutter.
cara menguasai pengujian perangkat lunak secara menyeluruh,pemrograman,indoor,Petunjuk untuk menguasai praktik pengujian perangkat lunak secara komprehensif dan efektif.
cara belajar matematika dengan mudah,pendidikan,indoor,Tips dan strategi untuk belajar matematika dengan mudah dan efektif.
cara mengembangkan keterampilan membaca,pendidikan,indoor,Petunjuk untuk mengembangkan keterampilan membaca secara efisien dan efektif.
cara memahami konsep fisika dasar,pendidikan,indoor,Penjelasan konsep dasar tentang fisika untuk pemahaman yang lebih baik.
cara mengajar anak-anak tentang sejarah dunia,pendidikan,indoor,Panduan untuk mengajar anak-anak tentang sejarah dunia secara menarik dan informatif.
cara menerapkan metode Montessori dalam pembelajaran,pendidikan,indoor,Petunjuk untuk menerapkan metode Montessori dalam proses pembelajaran anak.
cara mempersiapkan ujian masuk perguruan tinggi,pendidikan,indoor,Tips dan strategi untuk mempersiapkan diri menghadapi ujian masuk perguruan tinggi.
cara memahami teori psikologi dalam pendidikan,pendidikan,indoor,Penjelasan tentang teori psikologi yang dapat diterapkan dalam konteks pendidikan.
cara mengajar Bahasa Inggris untuk pemula,pendidikan,indoor,Petunjuk untuk mengajar Bahasa Inggris kepada pemula dengan cara yang efektif dan menarik.
cara mengenalkan seni kepada anak-anak,pendidikan,indoor,Petunjuk untuk mengenalkan berbagai aspek seni kepada anak-anak secara kreatif dan menarik.
cara memahami kurikulum pendidikan nasional,pendidikan,indoor,Penjelasan tentang kurikulum pendidikan nasional dan implementasinya dalam proses belajar-mengajar.
cara menerapkan pembelajaran berbasis proyek,pendidikan,indoor,Petunjuk untuk menerapkan metode pembelajaran berbasis proyek dalam kelas.
cara mengatasi tantangan dalam pembelajaran jarak jauh,pendidikan,indoor,Strategi dan metode untuk mengatasi tantangan dalam pembelajaran jarak jauh.
cara mengembangkan literasi digital di kalangan pelajar,pendidikan,indoor,Petunjuk untuk mengembangkan literasi digital di kalangan pelajar agar lebih terampil dalam penggunaan teknologi.
cara mengajar dengan menggunakan media interaktif,pendidikan,indoor,Petunjuk untuk mengajar dengan menggunakan berbagai media interaktif agar proses pembelajaran lebih menarik.
cara menerapkan penilaian formatif dalam pembelajaran,pendidikan,indoor,Petunjuk untuk menerapkan penilaian formatif dalam proses pembelajaran agar memantau perkembangan siswa secara efektif.
cara mengenalkan sains melalui eksperimen,pendidikan,indoor,Petunjuk untuk mengenalkan konsep sains kepada anak-anak melalui eksperimen yang menarik dan edukatif.
cara mengatasi kesulitan belajar pada anak-anak,pendidikan,indoor,Strategi untuk membantu anak-anak mengatasi kesulitan belajar dengan efektif.
cara memahami perkembangan kognitif pada remaja,pendidikan,indoor,Penjelasan tentang perkembangan kognitif pada remaja dan cara mendukungnya.
cara menumbuhkan minat membaca pada generasi muda,pendidikan,indoor,Strategi untuk menumbuhkan minat membaca pada generasi muda agar lebih terampil dan berpengetahuan luas.
cara memahami kebutuhan khusus dalam pembelajaran,pendidikan,indoor,Penjelasan tentang kebutuhan khusus siswa
cara mempersiapkan pelajaran dengan pendekatan yang menarik,pendidikan,indoor,Strategi untuk mempersiapkan pelajaran dengan pendekatan yang menarik dan menarik perhatian siswa.
cara mengembangkan keterampilan sosial pada anak-anak,pendidikan,indoor,Petunjuk untuk mengembangkan keterampilan sosial pada anak-anak agar dapat berinteraksi dengan baik di lingkungan sosial.
cara memahami pendekatan pembelajaran berbasis inklusi,pendidikan,indoor,Penjelasan tentang pendekatan pembelajaran berbasis inklusi untuk menciptakan lingkungan belajar yang inklusif bagi semua siswa.
cara mengajar musik kepada anak-anak,pendidikan,indoor,Strategi dan metode untuk mengajar musik kepada anak-anak agar lebih memahami dan mengapresiasi seni musik.
cara mengenalkan seni rupa kepada siswa,pendidikan,indoor,Petunjuk untuk mengenalkan berbagai aspek seni rupa kepada siswa dengan cara yang menarik dan interaktif.
cara menerapkan teknologi dalam pembelajaran,pendidikan,indoor,Strategi untuk menerapkan teknologi dalam proses pembelajaran agar lebih menarik dan efektif.
cara mengembangkan kreativitas pada siswa,pendidikan,indoor,Petunjuk untuk mengembangkan kreativitas pada siswa melalui berbagai aktivitas pembelajaran yang menarik.
cara mengevaluasi efektivitas pembelajaran,pendidikan,indoor,Strategi untuk mengevaluasi efektivitas proses pembelajaran dan memastikan pencapaian tujuan pembelajaran.
cara mengatasi tantangan dalam pengajaran online,pendidikan,indoor,Strategi untuk mengatasi tantangan yang muncul dalam proses pengajaran online agar pembelajaran tetap efektif.
cara memahami perkembangan bahasa pada anak usia dini,pendidikan,indoor,Penjelasan tentang perkembangan bahasa pada anak usia dini dan cara mendukungnya secara efektif.
cara melakukan hiking di pegunungan,alam,outdoor,Panduan untuk melakukan hiking di pegunungan dengan aman dan memahami prinsip-prinsip dasar hiking.
cara memotret keindahan alam,alam,outdoor,Tips dan teknik untuk memotret keindahan alam dengan menggunakan kamera secara efektif.
cara bertahan hidup di alam liar,alam,outdoor,Petunjuk untuk bertahan hidup di alam liar dan mengatasi berbagai tantangan yang mungkin muncul.
cara merawat tanaman di kebun,alam,outdoor,Panduan untuk merawat tanaman di kebun dengan cara yang efektif dan memastikan pertumbuhan yang sehat.
cara menjaga kelestarian hutan,alam,outdoor,Strategi untuk menjaga kelestarian hutan dan memahami pentingnya menjaga ekosistem hutan yang sehat.
cara menjelajahi taman nasional,alam,outdoor,Petunjuk untuk menjelajahi taman nasional dengan memahami peraturan dan kegiatan yang dapat dilakukan di dalamnya.
cara memahami ekosistem sungai,alam,outdoor,Penjelasan tentang ekosistem sungai dan pentingnya menjaga keseimbangan ekosistem tersebut.
cara melakukan camping di hutan,alam,outdoor,Petunjuk untuk melakukan camping di hutan dengan aman dan memahami prinsip-prinsip dasar camping.
cara memahami flora dan fauna lokal,alam,outdoor,Penjelasan tentang flora dan fauna lokal serta pentingnya melestarikan keanekaragaman hayati di lingkungan setempat.
cara berkebun organik di rumah,alam,outdoor,Langkah-langkah untuk berkebun secara organik di rumah dan memanfaatkan sumber daya yang ada secara efisien.
cara memahami siklus hidup tanaman,alam,outdoor,Penjelasan tentang siklus hidup tanaman dan tahapan-tahapan yang terjadi selama siklus tersebut.
cara mendaki gunung dengan aman,alam,outdoor,Petunjuk untuk mendaki gunung dengan aman dan memahami persiapan yang diperlukan sebelum melakukan pendakian.
cara memahami pola cuaca,alam,outdoor,Penjelasan tentang pola cuaca dan bagaimana cara memahami serta memprediksi perubahan cuaca yang mungkin terjadi.
cara menjaga kebersihan pantai,alam,outdoor,Strategi untuk menjaga kebersihan pantai dan memahami pentingnya menjaga ekosistem pantai yang sehat.
cara memahami geologi dasar,alam,outdoor,Penjelasan tentang konsep dasar geologi dan membantu memahami pembentukan serta struktur bumi.
cara mengenal jenis-jenis burung,alam,outdoor,Petunjuk untuk mengenal berbagai jenis burung dan memahami keunikan serta karakteristik masing-masing jenis.
cara merawat kebun binatang,alam,outdoor,Panduan untuk merawat kebun binatang dengan memastikan kesejahteraan hewan dan memenuhi kebutuhan mereka.
cara memahami keanekaragaman hayati,alam,outdoor,Penjelasan tentang keanekaragaman hayati dan pentingnya menjaga keberagaman hayati di lingkungan sekitar.
cara melakukan observasi bintang,alam,outdoor,Petunjuk untuk melakukan observasi bintang dan memahami konstelasi serta fenomena langit yang terjadi.
cara merawat hewan langka,alam,outdoor,Strategi untuk merawat hewan langka dengan memastikan lingkungan hidup yang sesuai dan perawatan yang optimal.
cara memahami siklus hidup serangga,alam,outdoor,Penjelasan tentang siklus hidup serangga dan pentingnya peran serangga dalam ekosistem.
cara mengenali tumbuhan obat alami,alam,outdoor,Petunjuk untuk mengenali berbagai tumbuhan obat alami dan manfaat kesehatan yang terkait dengan masing-masing tumbuhan.cara menjaga kebersihan danau alam outdoor
cara memahami pengelolaan sumber daya alam,alam,outdoor,Penjelasan tentang konsep dan praktik pengelolaan sumber daya alam serta pentingnya menjaga keseimbangan ekosistem.
cara menjaga kebersihan lingkungan,alam,outdoor,Strategi untuk menjaga kebersihan lingkungan dan peran penting individu dalam menjaga kebersihan di sekitar kita.
cara memahami risiko bencana alam,alam,outdoor,Penjelasan tentang risiko bencana alam faktor yang mempengaruhinya dan bagaimana cara mempersiapkan diri menghadapi risiko tersebut.
cara memahami pola migrasi hewan,alam,outdoor,Penjelasan tentang pola migrasi hewan faktor-faktor yang mempengaruhinya dan pentingnya pelestarian jalur migrasi.
cara merencanakan ekspedisi alam,alam,outdoor,Langkah-langkah untuk merencanakan ekspedisi alam dengan mempertimbangkan faktor keamanan dan keselamatan serta persiapan yang diperlukan.
cara memahami ekologi pesisir,alam,outdoor,Penjelasan tentang ekologi pesisir pentingnya menjaga ekosistem pesisir dan peran ekosistem pesisir dalam menjaga keseimbangan ekosistem laut.
cara mengenali pola aliran sungai,alam,outdoor,Penjelasan tentang pola aliran sungai faktor-faktor yang memengaruhinya dan pentingnya menjaga kebersihan dan kelestarian sungai.
cara memulai bisnis kecil-kecilan,ekonomi,indoor,Petunjuk langkah demi langkah untuk memulai bisnis kecil-kecilan dengan mempertimbangkan perencanaan pemasaran dan manajemen keuangan yang efektif.
cara memahami prinsip ekonomi mikro,ekonomi,indoor,Penjelasan tentang prinsip dasar ekonomi mikro dan penerapannya dalam berbagai aspek kegiatan ekonomi.
cara mengelola keuangan pribadi dengan baik,ekonomi,indoor,Petunjuk untuk mengelola keuangan pribadi dengan baik termasuk perencanaan anggaran investasi dan pengelolaan utang.
cara memahami pasar modal,ekonomi,indoor,Penjelasan tentang pasar modal instrumen-instrumen keuangan yang terkait dan cara berinvestasi secara efektif di pasar modal.
cara mengembangkan strategi pemasaran,ekonomi,indoor,Petunjuk untuk mengembangkan strategi pemasaran yang efektif untuk memasarkan produk atau layanan secara optimal.
cara menghitung investasi yang menguntungkan,ekonomi,indoor,Petunjuk untuk menghitung potensi investasi yang menguntungkan dengan mempertimbangkan risiko dan pengembalian investasi.
cara memahami ekonomi global,ekonomi,indoor,Penjelasan tentang konsep ekonomi global faktor-faktor yang mempengaruhinya dan peran ekonomi global dalam perekonomian dunia.
cara menerapkan prinsip ekonomi makro,ekonomi,indoor,Penjelasan tentang prinsip dasar ekonomi makro dan penerapannya dalam analisis kegiatan ekonomi secara keseluruhan.
cara memahami dampak inflasi dalam perekonomian,ekonomi,indoor,Penjelasan tentang dampak inflasi dalam perekonomian strategi menghadapinya dan pengelolaan kebijakan moneter.
cara mengelola risiko keuangan,ekonomi,indoor,Strategi untuk mengelola risiko keuangan dengan efektif termasuk pengelolaan aset asuransi dan diversifikasi investasi.
cara memahami siklus bisnis,ekonomi,indoor,Penjelasan tentang siklus bisnis tahapan-tahapan yang terjadi dan dampaknya terhadap perekonomian.
cara menghitung pajak penghasilan,ekonomi,indoor,Petunjuk untuk menghitung pajak penghasilan secara akurat dan memahami ketentuan perpajakan yang berlaku.
cara mengembangkan produk yang kompetitif,ekonomi,indoor,Strategi untuk mengembangkan produk yang kompetitif dengan memahami kebutuhan pasar dan mengikuti tren industri.
cara memahami kebijakan moneter,ekonomi,indoor,Penjelasan tentang kebijakan moneter peran bank sentral dan dampaknya terhadap kegiatan ekonomi.
cara menghitung biaya produksi,ekonomi,indoor,Petunjuk untuk menghitung biaya produksi secara efisien dengan mempertimbangkan faktor-faktor produksi yang terlibat.
cara mengelola rantai pasokan,ekonomi,indoor,Penjelasan tentang manajemen rantai pasokan strategi pengadaan produksi dan distribusi yang efisien.
cara memahami ekonomi kreatif,ekonomi,indoor,Penjelasan tentang konsep ekonomi kreatif peran industri kreatif dan dampaknya terhadap pertumbuhan ekonomi.
cara memulai investasi properti,ekonomi,indoor,Petunjuk langkah demi langkah untuk memulai investasi properti dengan memahami pasar properti analisis risiko dan strategi investasi yang efektif.
cara mengembangkan startup teknologi,ekonomi,indoor,Petunjuk untuk mengembangkan startup teknologi dengan memahami tren industri pengembangan produk dan strategi pemasaran yang inovatif.
cara memahami ekonomi pembangunan,ekonomi,indoor,Penjelasan tentang ekonomi pembangunan strategi pengentasan kemiskinan dan peran pembangunan ekonomi dalam meningkatkan kesejahteraan masyarakat.
cara mengelola bisnis waralaba,ekonomi,indoor,Petunjuk untuk mengelola bisnis waralaba dengan efektif termasuk pengelolaan merek pelatihan karyawan dan pengawasan operasional.
cara memahami prinsip perdagangan internasional,ekonomi,indoor,Penjelasan tentang prinsip perdagangan internasional keuntungan dan tantangan yang terkait serta peran lembaga perdagangan internasional.
cara mengelola bisnis keluarga,ekonomi,indoor,Strategi untuk mengelola bisnis keluarga dengan efisien termasuk pengelolaan sumber daya konflik kepentingan dan perencanaan suksesi.
cara menghitung biaya pengiriman internasional,ekonomi,indoor,Petunjuk untuk menghitung biaya pengiriman internasional dengan efektif termasuk pengelolaan logistik dan perhitungan tarif yang tepat.
cara memahami teori nilai tukar,ekonomi,indoor,Penjelasan tentang teori nilai tukar faktor-faktor yang mempengaruhinya dan peran nilai tukar dalam perdagangan internasional.
cara mengembangkan keuangan inklusif,ekonomi,indoor,Strategi untuk mengembangkan keuangan inklusif dengan memperluas akses ke layanan keuangan bagi masyarakat yang belum terlayani.cara mengelola bisnis ritel ekonomi.
cara memahami ekonomi sumber daya,ekonomi,indoor,Penjelasan tentang konsep dasar ekonomi sumber daya termasuk bagaimana sumber daya alam dan manusia dikelola dalam konteks kegiatan ekonomi.
cara menghitung margin keuntungan,ekonomi,indoor,Petunjuk langkah demi langkah untuk menghitung margin keuntungan dengan mempertimbangkan biaya produksi dan pendapatan penjualan.
cara memahami pasar komoditas,ekonomi,indoor,Penjelasan tentang pasar komoditas faktor-faktor yang memengaruhi harga komoditas dan peran pasar komoditas dalam perdagangan global.
cara mengelola tim kerja yang efektif,bisnis,indoor,Strategi untuk mengelola tim kerja dengan efektif termasuk memotivasi anggota tim memfasilitasi komunikasi dan membangun kolaborasi yang baik.
cara memulai bisnis konsultan,bisnis,indoor,Langkah-langkah untuk memulai bisnis konsultan dengan mempertimbangkan penentuan target pasar spesialisasi layanan dan pemasaran yang efektif.
cara mengembangkan strategi pemasaran digital,bisnis,indoor,Strategi untuk mengembangkan strategi pemasaran digital yang efektif dengan memanfaatkan platform online dan alat pemasaran digital.
cara mengelola rantai pasokan global,bisnis,indoor,Petunjuk untuk mengelola rantai pasokan secara global dengan efisien termasuk manajemen logistik koordinasi pemasok dan pengendalian kualitas.
cara memahami analisis SWOT untuk bisnis,bisnis,indoor,Penjelasan tentang analisis SWOT dan penerapannya dalam mengevaluasi kekuatan kelemahan peluang dan ancaman dalam bisnis.
cara mengoptimalkan pengalaman pelanggan,bisnis,indoor,Strategi untuk mengoptimalkan pengalaman pelanggan dengan memahami kebutuhan dan preferensi pelanggan serta meningkatkan layanan dan interaksi.
cara mengembangkan bisnis e-commerce,bisnis,indoor,Langkah-langkah untuk mengembangkan bisnis e-commerce yang sukses termasuk pengembangan platform strategi pemasaran dan manajemen transaksi.
cara memulai bisnis franchise,bisnis,indoor,Petunjuk untuk memulai bisnis waralaba dengan memilih merek yang tepat memahami kontrak waralaba dan merencanakan operasional bisnis.
cara mengelola keuangan bisnis dengan baik,bisnis,indoor,Strategi untuk mengelola keuangan bisnis dengan baik termasuk perencanaan anggaran pengelolaan kas dan analisis keuangan secara berkala.
cara mengembangkan strategi penetrasi pasar,bisnis,indoor,Petunjuk untuk mengembangkan strategi penetrasi pasar yang efektif dengan memahami pasar target dan mengoptimalkan keunggulan kompetitif.
cara memahami tren bisnis terkini,bisnis,indoor,Penjelasan tentang tren bisnis terkini teknologi baru dan perubahan pasar yang dapat memengaruhi strategi bisnis.
cara memahami risiko bisnis internasional,bisnis,indoor,Penjelasan tentang risiko bisnis internasional dan strategi pengelolaan risiko dalam konteks pasar global.
cara mengembangkan strategi diversifikasi,bisnis,indoor,Strategi untuk mengembangkan diversifikasi produk atau layanan untuk mengurangi risiko dan memperluas pangsa pasar.
cara memulai bisnis distribusi,bisnis,indoor,Petunjuk langkah demi langkah untuk memulai bisnis distribusi dengan mempertimbangkan penentuan produk jaringan distribusi dan manajemen stok yang efisien.
cara mengelola bisnis jasa,bisnis,indoor,Strategi untuk mengelola bisnis jasa dengan efektif termasuk pengembangan layanan manajemen kualitas dan pemasaran yang tepat sasaran.
cara memahami strategi penetrasi pasar,bisnis,indoor,Penjelasan tentang strategi penetrasi pasar dan penerapannya dalam menjangkau pasar baru atau memperluas pangsa pasar yang ada.
cara mengoptimalkan bisnis waralaba,bisnis,indoor,Strategi untuk mengoptimalkan bisnis waralaba dengan memahami perjanjian waralaba pelatihan karyawan dan pengawasan operasional yang efektif.
cara memulai bisnis franchise makanan,bisnis,indoor,Petunjuk langkah demi langkah untuk memulai bisnis waralaba makanan dengan memilih konsep waralaba yang sesuai dan merencanakan operasional bisnis.
cara mengembangkan bisnis kreatif,bisnis,indoor,Strategi untuk mengembangkan bisnis kreatif dengan memanfaatkan inovasi kreativitas dan pemasaran yang unik.
cara mengelola bisnis ritel,bisnis,indoor,Petunjuk untuk mengelola bisnis ritel dengan efektif termasuk manajemen inventaris layanan pelanggan dan pengalaman belanja yang memikat.
cara memahami analisis risiko bisnis,bisnis,indoor,Penjelasan tentang analisis risiko bisnis identifikasi risiko potensial dan pengembangan strategi pengelolaan risiko yang efektif.
cara mengembangkan strategi branding bisnis,bisnis,indoor,Petunjuk untuk mengembangkan strategi branding yang efektif dengan memahami identitas merek diferensiasi pasar dan pemasaran merek secara konsisten.
cara memahami strategi penetrasi pasar global,bisnis,indoor,Penjelasan tentang strategi penetrasi pasar global dan penerapannya dalam memasuki pasar internasional dengan sukses.
cara mengembangkan bisnis periklanan,bisnis,indoor,Langkah-langkah untuk mengembangkan bisnis periklanan dengan memahami tren periklanan kebutuhan klien dan inovasi kreatif dalam pemasaran.
cara memulai bisnis katering,bisnis,indoor,Langkah-langkah untuk memulai bisnis katering dengan memahami pasar target menyusun menu
cara membuat kue kukus,resep,indoor,Panduan langkah demi langkah dalam membuat kue kukus yang lezat dan empuk
cara membangun rumah,pendidikan,indoor,Panduan langkah demi langkah dalam membangun sebuah rumah.
cara membuat backend dengan django rest,teknologi,indoor,Panduan untuk membuat backend dengan Django Rest
cara membuat backend dengan django rest,teknologi,indoor,Panduan langkah demi langkah untuk membuat backend menggunakan Django Rest Framework
cara membuat kue lapis,kuliner,indoor,Kursus ini akan mengajarkan Anda cara membuat kue lapis yang lezat.
cara lulus program bangkit academy,pendidikan,indoor,Panduan ini memberikan langkah-langkah untuk sukses menyelesaikan program Bangkit Academy.
cara menjadi orang kaya,pendidikan,indoor,Panduan kursus ini akan mengajarkan Anda langkah-langkah untuk meraih kesuksesan finansial dan menjadi orang kaya.
belajar agar cepat hamil,indoor,kesehatan,Panduan kursus ini akan memberikan pengetahuan dan langkah-langkah yang dapat membantu anda untuk segera hamil.
belajar mencuci mobil sendiri di rumah,olahraga,rumah,Kursus ini akan mengajarkan Anda cara mencuci mobil dengan benar dan efektif di rumah Anda sendiri.
belajar sepeda motor,olahraga,olahraga,Kursus ini akan mengajarkan Anda cara mengendarai sepeda motor dengan aman dan nyaman.
belajar cepat ngomong bahasa inggris,pendidikan,pendidikan,Kursus ini memberikan panduan langkah demi langkah untuk belajar ngomong bahasa Inggris dengan cepat.
belajar fisika kuantum,pendidikan,indoor,Kursus ini akan memberikan pemahaman dasar tentang fisika kuantum dan fenomena di dalamnya.
belajar memahami alam semesta,Astronomi,outdoor,Panduan ini akan membantu Anda untuk belajar dan memahami tentang alam semesta.
cara membuat mainan truk,keterampilan,indoor,Panduan ini akan mengajarkan Anda cara membuat mainan truk dengan bahan-bahan sederhana.
cara menaikkan layang-layang,olahraga,outdoor,Panduan ini akan mengajarkan Anda cara yang tepat untuk menaikkan layang-layang
belajar turunan dan integral,matematika,pendidikan,Kursus ini akan mengajarkan Anda tentang konsep dasar turunan dan integral dalam matematika.
cara trigonometri,matematika,indoor,Panduan kursus ini akan mengajarkan Anda tentang konsep dasar trigonometri dan cara menghitung nilai-nilai trigonometri.
